pairname,comparison_id,prot1,chain1,prot2,chain2,protein1_residues,protein2_residues,alignment_score
d1a05a_-A_183-d1dgsa3-A_184,d1a05a_d1dgsa3,d1a05a_,A,d1dgsa3,A,"(111, 156)","(147, 192)",67.86504639894919
d1a05a_-A_185-d1j71a_-A_186,d1a05a_d1j71a_,d1a05a_,A,d1j71a_,A,"(83, 112)","(135, 164)",57.19140388745269
d1a05a_-A_187-d1rblm_-M_188,d1a05a_d1rblm_,d1a05a_,A,d1rblm_,M,"(160, 177)","(18, 35)",36.23212973350015
d1a2za_-A_0-d1ghha_-A_1,d1a2za_d1ghha_,d1a2za_,A,d1ghha_,A,"(189, 206)","(55, 72)",32.90042649819755
d1a2za_-A_2-d1u9da_-A_3,d1a2za_d1u9da_,d1a2za_,A,d1u9da_,A,"(189, 213)","(77, 101)",53.05725963604547
d1a7j__-A_4-d1kafa_-A_5,d1a7j__d1kafa_,d1a7j__,A,d1kafa_,A,"(219, 272)","(55, 108)",115.72833329364491
d1a7j__-A_6-d2if1__-A_7,d1a7j__d2if1__,d1a7j__,A,d2if1__,A,"(215, 238)","(52, 75)",44.61569497289397
d1aa7a_-A_189-d1b68a_-A_190,d1aa7a_d1b68a_,d1aa7a_,A,d1b68a_,A,"(64, 76)","(57, 69)",16.200305558268504
d1aa7a_-A_191-d1qkra_-A_192,d1aa7a_d1qkra_,d1aa7a_,A,d1qkra_,A,"(98, 158)","(112, 172)",90.11497400754493
d1ac5__-A_8-d1jroa3-A_9,d1ac5__d1jroa3,d1ac5__,A,d1jroa3,A,"(453, 477)","(426, 450)",45.35712090745563
d1ac5__-A_10-d1vk0a_-A_11,d1ac5__d1vk0a_,d1ac5__,A,d1vk0a_,A,"(411, 444)","(50, 83)",80.57800807796933
d1adja2-A_12-d1drw_2-A_13,d1adja2d1drw_2,d1adja2,A,d1drw_2,A,"(136, 169)","(129, 162)",55.432401106445
d1aora2-A_193-d1dkza2-A_194,d1aora2d1dkza2,d1aora2,A,d1dkza2,A,"(53, 156)","(28, 135)",79.23342091709131
d1axn__-A_195-d1nkta3-A_196,d1axn__d1nkta3,d1axn__,A,d1nkta3,A,"(209, 222)","(459, 472)",23.277388454157833
d1axn__-A_197-d1sf9a_-A_198,d1axn__d1sf9a_,d1axn__,A,d1sf9a_,A,"(0, 9)","(4, 13)",18.63271031757592
d1b05a_-A_14-d1lc0a2-A_15,d1b05a_d1lc0a2,d1b05a_,A,d1lc0a2,A,"(225, 259)","(75, 109)",61.980916937195225
d1b05a_-A_16-d1nkia_-A_17,d1b05a_d1nkia_,d1b05a_,A,d1nkia_,A,"(248, 277)","(73, 102)",51.57764630345172
d1b0pa2-A_18-d1k0da2-A_19,d1b0pa2d1k0da2,d1b0pa2,A,d1k0da2,A,"(266, 319)","(2, 55)",73.53149753067414
d1b3qa2-A_199-d1bia_2-A_200,d1b3qa2d1bia_2,d1b3qa2,A,d1bia_2,A,"(139, 158)","(174, 193)",40.49877299498628
d1b62a2-A_20-d1i6pa_-A_21,d1b62a2d1i6pa_,d1b62a2,A,d1i6pa_,A,"(26, 52)","(74, 100)",41.44213651188601
d1b6ra1-A_201-d1k8kd1-D_202,d1b6ra1d1k8kd1,d1b6ra1,A,d1k8kd1,D,"(298, 316)","(210, 228)",34.23577266851868
d1b6ra1-A_203-d1v97a4-A_204,d1b6ra1d1v97a4,d1b6ra1,A,d1v97a4,A,"(299, 326)","(621, 648)",50.44060028347518
d1ce8a6-A_22-d1di2a_-A_23,d1ce8a6d1di2a_,d1ce8a6,A,d1di2a_,A,"(381, 400)","(42, 61)",43.09393542813357
d1chma1-A_24-d1g62a_-A_25,d1chma1d1g62a_,d1chma1,A,d1g62a_,A,"(116, 146)","(110, 140)",72.47126626719435
d1cs1a_-A_26-d1q8ia1-A_27,d1cs1a_d1q8ia1,d1cs1a_,A,d1q8ia1,A,"(244, 275)","(501, 532)",68.84190166232521
d1d7ba_-A_28-d1svb_2-A_29,d1d7ba_d1svb_2,d1d7ba_,A,d1svb_2,A,"(21, 54)","(305, 338)",75.25206555118572
d1dc1a_-A_30-d1nf2a_-A_31,d1dc1a_d1nf2a_,d1dc1a_,A,d1nf2a_,A,"(284, 310)","(238, 264)",62.86668626301164
d1dc1a_-A_32-d1rblm_-M_33,d1dc1a_d1rblm_,d1dc1a_,A,d1rblm_,M,"(135, 162)","(21, 48)",54.48934410258701
d1dmza_-A_34-d1hdha_-A_35,d1dmza_d1hdha_,d1dmza_,A,d1hdha_,A,"(55, 78)","(141, 164)",51.979583325447514
d1ds1a_-A_36-d1tig__-A_37,d1ds1a_d1tig__,d1ds1a_,A,d1tig__,A,"(89, 111)","(48, 70)",49.26484268867214
d1dzka_-A_38-d1qd1b2-B_39,d1dzka_d1qd1b2,d1dzka_,A,d1qd1b2,B,"(95, 135)","(223, 263)",72.68361829045251
d1dzta_-A_40-d1kpf__-A_41,d1dzta_d1kpf__,d1dzta_,A,d1kpf__,A,"(122, 143)","(89, 110)",40.98425097922367
d1e3pa3-A_42-d1gpqa_-A_43,d1e3pa3d1gpqa_,d1e3pa3,A,d1gpqa_,A,"(483, 507)","(75, 99)",61.345712312758124
d1e3pa3-A_44-d1tis__-A_45,d1e3pa3d1tis__,d1e3pa3,A,d1tis__,A,"(445, 489)","(169, 213)",95.17861476914307
d1ecfa2-A_46-d1unnc_-C_47,d1ecfa2d1unnc_,d1ecfa2,A,d1unnc_,C,"(26, 50)","(41, 65)",54.88948589426114
d1efdn_-N_48-d1d1ra_-A_49,d1efdn_d1d1ra_,d1efdn_,N,d1d1ra_,A,"(139, 151)","(0, 12)",26.665459131167477
d1efdn_-N_50-d1r0va3-A_51,d1efdn_d1r0va3,d1efdn_,N,d1r0va3,A,"(133, 159)","(74, 100)",56.16332602465725
d1eg3a1-A_205-d1paqa_-A_206,d1eg3a1d1paqa_,d1eg3a1,A,d1paqa_,A,"(76, 131)","(16, 71)",53.90550113615843
d1ert__-A_52-d1jr3d2-D_53,d1ert__d1jr3d2,d1ert__,A,d1jr3d2,D,"(2, 50)","(0, 46)",49.427863456179104
d1fbxa_-A_54-d1o08a_-A_55,d1fbxa_d1o08a_,d1fbxa_,A,d1o08a_,A,"(38, 69)","(48, 79)",63.63108109487911
d1fy2a_-A_56-d1qmha1-A_57,d1fy2a_d1qmha1,d1fy2a_,A,d1qmha1,A,"(30, 68)","(184, 221)",38.63479561916691
d1g99a1-A_58-d1gqyb3-B_59,d1g99a1d1gqyb3,d1g99a1,A,d1gqyb3,B,"(371, 398)","(443, 470)",59.424928359041026
d1g99a1-A_60-d1izna_-A_61,d1g99a1d1izna_,d1g99a1,A,d1izna_,A,"(47, 71)","(202, 226)",60.97429001547505
d1gc5a_-A_62-d1omha_-A_63,d1gc5a_d1omha_,d1gc5a_,A,d1omha_,A,"(156, 171)","(113, 128)",36.21456506464168
d1gx3a_-A_64-d1epaa_-A_65,d1gx3a_d1epaa_,d1gx3a_,A,d1epaa_,A,"(153, 176)","(36, 59)",56.97721702619292
d1gx3a_-A_66-d1pbya5-A_67,d1gx3a_d1pbya5,d1gx3a_,A,d1pbya5,A,"(153, 169)","(191, 207)",38.57206239425153
d1gxja_-A_207-d1p5dx3-X_208,d1gxja_d1p5dx3,d1gxja_,A,d1p5dx3,X,"(122, 153)","(296, 327)",68.96987746770394
d1h0hb_-B_68-d1hz6b_-B_69,d1h0hb_d1hz6b_,d1h0hb_,B,d1hz6b_,B,"(160, 204)","(19, 63)",84.2631709914247
d1h5wa_-A_209-d2cbla2-A_211,d1h5wa_d2cbla2,d1h5wa_,A,d2cbla2,A,"(243, 250)","(299, 306)",10.208851528826528
d1h5wa_-B_210-d2cbla2-A_211,d1h5wa_d2cbla2,d1h5wa_,B,d2cbla2,A,"(249, 256)","(299, 306)",10.744162550463802
d1h6da2-A_70-d1kjka_-A_71,d1h6da2d1kjka_,d1h6da2,A,d1kjka_,A,"(325, 342)","(32, 49)",28.69732553295516
d1hbnb2-B_72-d1aisb2-B_73,d1hbnb2d1aisb2,d1hbnb2,B,d1aisb2,B,"(298, 326)","(138, 166)",39.7543993440426
d1hi9a_-A_74-d1rpua_-A_75,d1hi9a_d1rpua_,d1hi9a_,A,d1rpua_,A,"(240, 275)","(101, 136)",55.28142327062258
d1hrda1-A_76-d1rp3a3-A_77,d1hrda1d1rp3a3,d1hrda1,A,d1rp3a3,A,"(0, 18)","(4, 22)",37.85175293607885
d1htjf_-F_78-d1gnla_-A_79,d1htjf_d1gnla_,d1htjf_,F,d1gnla_,A,"(30, 81)","(37, 88)",97.38367360949438
d1htjf_-F_80-d1nhua_-A_81,d1htjf_d1nhua_,d1htjf_,F,d1nhua_,A,"(130, 182)","(482, 533)",78.05034607350228
d1i9ea_-A_82-d1mzka_-A_83,d1i9ea_d1mzka_,d1i9ea_,A,d1mzka_,A,"(61, 71)","(53, 63)",15.69615836008411
d1i9ea_-A_84-d1nppa1-A_85,d1i9ea_d1nppa1,d1i9ea_,A,d1nppa1,A,"(31, 72)","(47, 88)",81.53604918023977
d1ihoa_-A_86-d1ep7a_-A_87,d1ihoa_d1ep7a_,d1ihoa_,A,d1ep7a_,A,"(0, 40)","(2, 42)",83.46087871061488
d1is8a_-A_88-d1umwa1-A_89,d1is8a_d1umwa1,d1is8a_,A,d1umwa1,A,"(175, 188)","(96, 109)",25.30348196050211
d1izna_-A_244-d1gkza1-A_246,d1izna_d1gkza1,d1izna_,A,d1gkza1,A,"(108, 133)","(157, 182)",59.34148961151021
d1izna_-B_245-d1gkza1-A_246,d1izna_d1gkza1,d1izna_,B,d1gkza1,A,"(89, 116)","(157, 184)",63.68965694763168
d1izna_-A_212-d1keka2-A_214,d1izna_d1keka2,d1izna_,A,d1keka2,A,"(112, 139)","(426, 453)",64.56066030149746
d1izna_-B_213-d1keka2-A_214,d1izna_d1keka2,d1izna_,B,d1keka2,A,"(92, 135)","(425, 468)",91.28559563071995
d1izna_-A_261-d2gsca_-A_263,d1izna_d2gsca_,d1izna_,A,d2gsca_,A,"(111, 123)","(5, 17)",18.754158898198902
d1izna_-B_262-d2gsca_-A_263,d1izna_d2gsca_,d1izna_,B,d2gsca_,A,"(263, 270)","(106, 113)",12.201947818447596
d1j22a_-A_90-d1m2aa_-A_91,d1j22a_d1m2aa_,d1j22a_,A,d1m2aa_,A,"(106, 124)","(70, 88)",31.72815536166167
d1jdbc2-C_92-d1r9ca_-A_93,d1jdbc2d1r9ca_,d1jdbc2,C,d1r9ca_,A,"(334, 351)","(99, 116)",26.419767341198757
d1jnwa_-A_94-d1ew4a_-A_95,d1jnwa_d1ew4a_,d1jnwa_,A,d1ew4a_,A,"(25, 44)","(8, 27)",38.333400050265865
d1k2fa_-A_96-d1svb_2-A_97,d1k2fa_d1svb_2,d1k2fa_,A,d1svb_2,A,"(99, 123)","(312, 336)",43.255578744597926
d1k9ka_-A_215-d1abv__-A_217,d1k9ka_d1abv__,d1k9ka_,A,d1abv__,A,"(79, 89)","(95, 105)",19.1365425392562
d1k9ka_-B_216-d1abv__-A_217,d1k9ka_d1abv__,d1k9ka_,B,d1abv__,A,"(79, 89)","(95, 105)",19.1365425392562
d1knza_-A_218-d1rp3a3-A_220,d1knza_d1rp3a3,d1knza_,A,d1rp3a3,A,"(0, 61)","(7, 68)",114.81615525184434
d1knza_-B_219-d1rp3a3-A_220,d1knza_d1rp3a3,d1knza_,B,d1rp3a3,A,"(0, 43)","(2, 45)",101.75643009717548
d1knza_-A_221-d1vola1-A_223,d1knza_d1vola1,d1knza_,A,d1vola1,A,"(21, 40)","(10, 29)",35.960233673108114
d1knza_-B_222-d1vola1-A_223,d1knza_d1vola1,d1knza_,B,d1vola1,A,"(23, 43)","(7, 27)",41.580100008671394
d1l6ra_-A_98-d1ir6a_-A_99,d1l6ra_d1ir6a_,d1l6ra_,A,d1ir6a_,A,"(20, 47)","(8, 35)",50.32609875631364
d1l6ra_-A_100-d1nrva_-A_101,d1l6ra_d1nrva_,d1l6ra_,A,d1nrva_,A,"(41, 63)","(8, 30)",45.7120790160329
d1lci__-A_102-d1lla_1-A_103,d1lci__d1lla_1,d1lci__,A,d1lla_1,A,"(453, 480)","(519, 546)",51.13433817179506
d1lq7a_-A_264-d1gqea_-A_265,d1lq7a_d1gqea_,d1lq7a_,A,d1gqea_,A,"(0, 37)","(0, 37)",64.1545414632831
d1lwda_-A_104-d1a5t_1-A_105,d1lwda_d1a5t_1,d1lwda_,A,d1a5t_1,A,"(392, 414)","(299, 321)",53.78604828686624
d1m9na2-A_224-d1j27a_-A_225,d1m9na2d1j27a_,d1m9na2,A,d1j27a_,A,"(32, 50)","(26, 44)",33.83762878437643
d1miwa2-A_106-d1gyfa_-A_107,d1miwa2d1gyfa_,d1miwa2,A,d1gyfa_,A,"(79, 92)","(4, 17)",25.943959149080698
d1mk5a_-A_226-d1efub2-B_228,d1mk5a_d1efub2,d1mk5a_,A,d1efub2,B,"(10, 38)","(55, 83)",32.95749111809267
d1mk5a_-B_227-d1efub2-B_228,d1mk5a_d1efub2,d1mk5a_,B,d1efub2,B,"(8, 36)","(55, 83)",38.67028580605597
d1mw5a_-A_229-d1bco_1-A_231,d1mw5a_d1bco_1,d1mw5a_,A,d1bco_1,A,"(43, 74)","(51, 82)",41.17020237380704
d1mw5a_-B_230-d1bco_1-A_231,d1mw5a_d1bco_1,d1mw5a_,B,d1bco_1,A,"(43, 74)","(51, 82)",41.17020237380704
d1n00a_-A_232-d1aa7a_-A_233,d1n00a_d1aa7a_,d1n00a_,A,d1aa7a_,A,"(4, 29)","(10, 35)",51.89310373407305
d1n7va_-A_108-d1izna_-A_109,d1n7va_d1izna_,d1n7va_,A,d1izna_,A,"(452, 474)","(132, 154)",48.14208180407579
d1nf2a_-A_110-d1ptma_-A_111,d1nf2a_d1ptma_,d1nf2a_,A,d1ptma_,A,"(250, 267)","(312, 329)",26.205070158810127
d1nkta3-A_112-d1ldja1-A_113,d1nkta3d1ldja1,d1nkta3,A,d1ldja1,A,"(746, 835)","(636, 725)",165.70542502671057
d1o02a_-A_114-d1ihna_-A_115,d1o02a_d1ihna_,d1o02a_,A,d1ihna_,A,"(11, 43)","(1, 33)",56.38811032282263
d1o17d2-D_116-d1ir6a_-A_117,d1o17d2d1ir6a_,d1o17d2,D,d1ir6a_,A,"(71, 108)","(22, 59)",41.75094263951867
d1o17d2-D_118-d1jyra_-A_119,d1o17d2d1jyra_,d1o17d2,D,d1jyra_,A,"(228, 252)","(37, 61)",50.599920068051915
d1ogqa_-A_120-d1fjgc1-C_121,d1ogqa_d1fjgc1,d1ogqa_,A,d1fjgc1,C,"(2, 25)","(29, 52)",46.457883205883014
d1ogsa2-A_122-d1dq3a4-A_123,d1ogsa2d1dq3a4,d1ogsa2,A,d1dq3a4,A,"(30, 77)","(46, 93)",93.84041621567042
d1ogsa2-A_124-d1is1a_-A_125,d1ogsa2d1is1a_,d1ogsa2,A,d1is1a_,A,"(282, 300)","(69, 87)",29.697372948733555
d1oi2a_-A_266-d1uw1a_-A_267,d1oi2a_d1uw1a_,d1oi2a_,A,d1uw1a_,A,"(333, 338)","(64, 69)",5.4143368424210205
d1okra_-A_234-d1m98a1-A_236,d1okra_d1m98a1,d1okra_,A,d1m98a1,A,"(5, 20)","(195, 210)",31.091114118123517
d1okra_-B_235-d1m98a1-A_236,d1okra_d1m98a1,d1okra_,B,d1m98a1,A,"(8, 23)","(195, 210)",23.20817149597288
d1okra_-A_237-d1v9da_-A_239,d1okra_d1v9da_,d1okra_,A,d1v9da_,A,"(0, 22)","(3, 25)",32.77613578122607
d1okra_-B_238-d1v9da_-A_239,d1okra_d1v9da_,d1okra_,B,d1v9da_,A,"(1, 18)","(0, 17)",26.582582360647454
d1omoa_-A_240-d1i7b.1-B_242,d1omoa_d1i7b.1,d1omoa_,A,d1i7b.1,B,"(161, 182)","(29, 50)",42.288580227992014
d1omoa_-A_240-d1i7b.1-A_243,d1omoa_d1i7b.1,d1omoa_,A,d1i7b.1,A,"(36, 72)","(142, 178)",66.62654662772452
d1omoa_-B_241-d1i7b.1-B_242,d1omoa_d1i7b.1,d1omoa_,B,d1i7b.1,B,"(161, 182)","(29, 50)",42.288580227992014
d1omoa_-B_241-d1i7b.1-A_243,d1omoa_d1i7b.1,d1omoa_,B,d1i7b.1,A,"(36, 72)","(142, 178)",66.62654662772452
d1ovma1-A_126-d1914_2-A_127,d1ovma1d1914_2,d1ovma1,A,d1914_2,A,"(186, 212)","(91, 117)",51.20830162760282
d1p5gx1-X_128-d1xppa_-A_129,d1p5gx1d1xppa_,d1p5gx1,X,d1xppa_,A,"(407, 440)","(41, 74)",61.76508585861997
d1pdz_1-A_130-d1b66a_-A_131,d1pdz_1d1b66a_,d1pdz_1,A,d1b66a_,A,"(212, 242)","(93, 123)",70.61072443317359
d1pdz_1-A_132-d1irum_-M_133,d1pdz_1d1irum_,d1pdz_1,A,d1irum_,M,"(58, 106)","(58, 106)",96.00261299368664
d1piea1-A_134-d1nxha_-A_135,d1piea1d1nxha_,d1piea1,A,d1nxha_,A,"(276, 305)","(88, 117)",54.48630008991593
d1piea1-A_136-d1q0qa1-A_137,d1piea1d1q0qa1,d1piea1,A,d1q0qa1,A,"(279, 332)","(315, 368)",93.2792202375267
d1pqsa_-A_268-d1i7la2-A_269,d1pqsa_d1i7la2,d1pqsa_,A,d1i7la2,A,"(43, 69)","(163, 189)",62.014923981989206
d1pqsa_-A_270-d1poh__-A_271,d1pqsa_d1poh__,d1pqsa_,A,d1poh__,A,"(36, 62)","(29, 55)",67.1511033432468
d1ps6a_-A_247-d1f9za_-A_248,d1ps6a_d1f9za_,d1ps6a_,A,d1f9za_,A,"(68, 89)","(50, 71)",46.308000818994934
d1qd1b1-B_138-d1itwa_-A_139,d1qd1b1d1itwa_,d1qd1b1,B,d1itwa_,A,"(0, 45)","(1, 46)",84.73921263045347
d1qd1b1-B_140-d1n62c2-C_141,d1qd1b1d1n62c2,d1qd1b1,B,d1n62c2,C,"(109, 147)","(123, 160)",53.53027252408552
d1qh4a2-A_142-d1ekga_-A_143,d1qh4a2d1ekga_,d1qh4a2,A,d1ekga_,A,"(353, 380)","(91, 118)",59.18546641425802
d1qnia1-A_144-d1k4za_-A_145,d1qnia1d1k4za_,d1qnia1,A,d1k4za_,A,"(466, 481)","(0, 15)",36.16817006497737
d1qo0d_-D_249-d1hjp_1-A_251,d1qo0d_d1hjp_1,d1qo0d_,D,d1hjp_1,A,"(145, 189)","(139, 183)",64.50573838134449
d1qo0d_-E_250-d1hjp_1-A_251,d1qo0d_d1hjp_1,d1qo0d_,E,d1hjp_1,A,"(145, 192)","(139, 186)",73.56995143188817
d1qysa_-A_272-d1i7b.1-B_273,d1qysa_d1i7b.1,d1qysa_,A,d1i7b.1,B,"(64, 92)","(33, 61)",63.38295217573467
d1qysa_-A_272-d1i7b.1-A_274,d1qysa_d1i7b.1,d1qysa_,A,d1i7b.1,A,"(24, 44)","(18, 38)",35.91069135332029
d1r2ja2-A_252-d1ecmb_-B_253,d1r2ja2d1ecmb_,d1r2ja2,A,d1ecmb_,B,"(341, 353)","(83, 95)",26.171142672438126
d1rwha2-A_254-d1n67a2-A_255,d1rwha2d1n67a2,d1rwha2,A,d1n67a2,A,"(720, 753)","(230, 263)",67.01067865465771
d1slca_-A_146-d1sq9a_-A_147,d1slca_d1sq9a_,d1slca_,A,d1sq9a_,A,"(50, 111)","(243, 304)",70.38911060171078
d1smta_-A_256-d1b7ta4-A_258,d1smta_d1b7ta4,d1smta_,A,d1b7ta4,A,"(66, 97)","(681, 712)",61.032378562297815
d1smta_-B_257-d1b7ta4-A_258,d1smta_d1b7ta4,d1smta_,B,d1b7ta4,A,"(70, 98)","(681, 709)",60.52306562927757
d1st6a2-A_259-d1jqna_-A_260,d1st6a2d1jqna_,d1st6a2,A,d1jqna_,A,"(955, 1019)","(810, 874)",159.28533347234648
d1st6a8-A_148-d1gvna_-A_149,d1st6a8d1gvna_,d1st6a8,A,d1gvna_,A,"(2, 38)","(0, 36)",61.67926173922916
d1st6a8-A_150-d1r5id_-D_151,d1st6a8d1r5id_,d1st6a8,A,d1r5id_,D,"(260, 312)","(92, 144)",54.07605182710332
d1tv8a_-A_152-d1nbwb_-B_153,d1tv8a_d1nbwb_,d1tv8a_,A,d1nbwb_,B,"(290, 308)","(84, 102)",32.147680840152255
d1tv8a_-A_154-d1t3ea3-A_155,d1tv8a_d1t3ea3,d1tv8a_,A,d1t3ea3,A,"(229, 253)","(278, 302)",57.18400318688258
d1ukfa_-A_156-d1gsa_2-A_157,d1ukfa_d1gsa_2,d1ukfa_,A,d1gsa_2,A,"(104, 141)","(141, 178)",45.204500899818086
d1uoua1-A_158-d1fs1b1-B_159,d1uoua1d1fs1b1,d1uoua1,A,d1fs1b1,B,"(32, 67)","(69, 104)",65.74520846328012
d1ur3m_-M_160-d1k87a1-A_161,d1ur3m_d1k87a1,d1ur3m_,M,d1k87a1,A,"(161, 283)","(284, 408)",114.85242849234704
d1uw1a_-A_275-d1q9ua_-A_276,d1uw1a_d1q9ua_,d1uw1a_,A,d1q9ua_,A,"(25, 53)","(80, 108)",32.83812865578419
d1uyra1-A_162-d1vkka_-A_163,d1uyra1d1vkka_,d1uyra1,A,d1vkka_,A,"(75, 104)","(54, 83)",61.68111351628636
d1uyrb1-B_164-d1a79a1-A_165,d1uyrb1d1a79a1,d1uyrb1,B,d1a79a1,A,"(473, 503)","(127, 157)",48.27389770905291
d1vaoa2-A_166-d1no5a_-A_167,d1vaoa2d1no5a_,d1vaoa2,A,d1no5a_,A,"(7, 34)","(0, 27)",57.933268402207275
d1vk3a3-A_168-d1lbu_2-A_169,d1vk3a3d1lbu_2,d1vk3a3,A,d1lbu_2,A,"(194, 223)","(110, 139)",63.699496930118556
d1vk3a3-A_170-d1w2ia_-A_171,d1vk3a3d1w2ia_,d1vk3a3,A,d1w2ia_,A,"(264, 301)","(41, 80)",55.83226314168362
d2csta_-A_172-d1j4wa1-A_173,d2csta_d1j4wa1,d2csta_,A,d1j4wa1,A,"(264, 287)","(119, 142)",52.938132932311056
d2gaw.1-A_174-d1nppa1-A_176,d2gaw.1d1nppa1,d2gaw.1,A,d1nppa1,A,"(0, 29)","(6, 36)",57.38674636998383
d2gaw.1-B_175-d1nppa1-A_176,d2gaw.1d1nppa1,d2gaw.1,B,d1nppa1,A,"(46, 76)","(7, 37)",57.69512015653483
d2onea1-A_177-d1hz6b_-B_178,d2onea1d1hz6b_,d2onea1,A,d1hz6b_,B,"(1, 23)","(0, 22)",43.97138084905039
d3pmga1-A_179-d1e8ca1-A_180,d3pmga1d1e8ca1,d3pmga1,A,d1e8ca1,A,"(387, 413)","(302, 328)",63.58081862912426
d6mhta_-A_181-d1vm0b_-B_182,d6mhta_d1vm0b_,d6mhta_,A,d1vm0b_,B,"(160, 175)","(75, 90)",36.29448173877865
